track,track_id,title,artist,film,year,query,selected_result_title,source_channel,source_identifier,duration,match_status,conversion_status,error
51,gm-51,താമരപ്പൂവിൽ വാഴും,K. J. Yesudas & K. S. Chithra,Chandralekha,1997,താമരപ്പൂവിൽ വാഴും Chandralekha,"താമരപ്പൂവിൽ വാഴും | Thamarapoovil Vazhum | Chandralekha | Mohanlal, Sukanya, Pooja Batra | GoldenHit",Evergreen Film Songs,https://www.youtube.com/watch?v=xwRQgJhGcHA,6:11,MATCHED,FAILED,Turnstile Error 600010
52,gm-52,ശ്രീരാഗമോ തേടുന്നു നീ,K. J. Yesudas,Pavithram,1994,ശ്രീരാഗമോ തേടുന്നു നീ Pavithram,Sreeraagamo Thedunnu Nee | ശ്രീരാഗമോ തേടുന്നു നീ | Pavithram Movie Song | K J Yesudas,Millennium Musics,https://www.youtube.com/watch?v=gAdILQCGs7A,4:31,MATCHED,FAILED,Turnstile Error 600010
53,gm-53,ദേവാംഗനകൾ കയ്യൊഴിഞ്ഞൊരീണം,K. J. Yesudas,Njan Gandharvan,1991,ദേവാംഗനകൾ കയ്യൊഴിഞ്ഞൊരീണം Njan Gandharvan,"ദേവാങ്കണങ്ങൾ കയ്യൊഴി | Devanganangal | Njan Gandharvan | Nidhish, Suparna | K J Yesudas | Love Song",Millennium Musics,https://www.youtube.com/watch?v=XPuhnjneejU,6:42,MATCHED,FAILED,Turnstile Error 600010
54,gm-54,മഞ്ഞൾ പ്രസാദവും,K. S. Chithra,Nakhakshathangal,1986,മഞ്ഞൾ പ്രസാദവും Nakhakshathangal,Manjal prasadavum | മഞ്ഞൾ പ്രസാദവും | Nakhakshathangal (1986) | Bombay Ravi | K. S. Chithra,Ormapookkal Radio,https://www.youtube.com/watch?v=ZHXPbn_Fb7s,4:51,MATCHED,FAILED,Turnstile Error 600010
55,gm-55,ആരെയും ഭാവഗായകനാക്കും,K. J. Yesudas,Nakhakshathangal,1986,ആരെയും ഭാവഗായകനാക്കും Nakhakshathangal,ആരെയും ഭാവഗായകനാക്കും.....Aareyum Bhava Gayakanakkum.....(Sachin),Sachin K,https://www.youtube.com/watch?v=Gx2gxuKQMO0,4:35,MATCHED,FAILED,Turnstile Error 600010
56,gm-56,ഹരിമുരളീരവം,K. J. Yesudas,Aaraam Thampuran,1997,ഹരിമുരളീരവം Aaraam Thampuran,ഹരിമുരളീരവം ഹരിതവൃന്ദാവനം | Harimuraleeravam (Aaram Thampuraan)|Malayalam hits of yesudas |320 kbps,AS international media,https://www.youtube.com/watch?v=mFKCuOeOdQs,7:53,MATCHED,FAILED,Turnstile Error 600010
57,gm-57,ദേവസഭാതലം,K. J. Yesudas & Raveendran,His Highness Abdullah,1990,ദേവസഭാതലം His Highness Abdullah,ദേവസഭാതലം....Devasabhathalam....His Highness Abdullah(1990),SPEED MUSIC,https://www.youtube.com/watch?v=VUkH7MAMiAA,8:53,MATCHED,FAILED,Turnstile Error 600010
58,gm-58,രാമകഥാ ഗാനലയം,K. J. Yesudas,Bharatham,1991,രാമകഥാ ഗാനലയം Bharatham,"രാമകഥ ഗാനലയം | Raamakadha Gaanalayam | Bharatham | Mohanlal, Urvasi | Malayalam Film Classical Song",Millennium Musics,https://www.youtube.com/watch?v=pWRf1rE0PiQ,5:08,MATCHED,FAILED,Turnstile Error 600010
59,gm-59,ഗോപാംഗനേ ആത്മാവിലെന്തോ,K. J. Yesudas,Bharatham,1991,ഗോപാംഗനേ ആത്മാവിലെന്തോ Bharatham,Gopangane | ഗോപാംഗനേ | Bharatham Movie | Evergreen Hit Song | K J Yesudas | Mohanlal,Millennium Musics,https://www.youtube.com/watch?v=Farup8CKHWM,5:09,MATCHED,FAILED,Turnstile Error 600010
60,gm-60,ചന്ദനമണിവാതിൽ പാതിചാരി,G. Venugopal,Marikkunnilla Njan,1988,ചന്ദനമണിവാതിൽ പാതിചാരി Marikkunnilla Njan,ചന്ദനമണിവാതിൽ പാതിചാരി...| Chandhanamanivathil Paathichari | Marikunnilla Njan Movie | G Venugopal,MILLENNIUM MUSIC HUB,https://www.youtube.com/watch?v=sq9DPlZu5po,5:40,MATCHED,FAILED,Turnstile Error 600010
61,gm-61,ആയിരം കണ്ണുമായ്,K. J. Yesudas,Nokkethadhoorathu Kannum Nattu,1984,ആയിരം കണ്ണുമായ് Nokkethadhoorathu Kannum Nattu,ആയിരം കണ്ണുമായ് | Aayiram Kannumaay | Nokkethadhoorathu Kannum Nattu | Yesudas | Nadhiya Moidu,Evergreen Film Songs,https://www.youtube.com/watch?v=8UBvFdRrTH4,4:19,MATCHED,FAILED,Turnstile Error 600010
62,gm-62,താമരക്കണ്ണനാ ഉറങ്ങേണം,K. J. Yesudas,Vatsalyam,1993,താമരക്കണ്ണനാ ഉറങ്ങേണം Vatsalyam,Thamara Kannan Urangenam | Malayalam Video Song | Vatsalyam | BINEESH JUDY |,BINEESH JUDY,https://www.youtube.com/watch?v=5EWlWLaMmxo,4:24,MATCHED,FAILED,Turnstile Error 600010
63,gm-63,അഴകേ നിൻ മിഴിനീർക്കണ്ണിൽ,K. J. Yesudas & K. S. Chithra,Amaram,1991,അഴകേ നിൻ മിഴിനീർക്കണ്ണിൽ Amaram,Azhake Nin Video Song | Amaram | Mammootty | Maathu | Ashokan | KJ Yesudas | KS Chithra | Raveendran,Malayalam Cassettes,https://www.youtube.com/watch?v=-xHw8M7Uvjs,3:32,MATCHED,FAILED,Turnstile Error 600010
64,gm-64,വികാരനൗകയുമായ്,K. J. Yesudas,Amaram,1991,വികാരനൗകയുമായ് Amaram,വികാരനൗകയുമായ് | Vikaara naukayumaayi Song | Amaram | KJ Yesudas | Raveendran | Kaithapram,Speed Cinema Songs,https://www.youtube.com/watch?v=vT4bvrvED-0,5:03,MATCHED,FAILED,Turnstile Error 600010
65,gm-65,കണ്ണോടു കണ്ണോരം,K. J. Yesudas & K. S. Chithra,Veendum Chila Veettukaryangal,1999,കണ്ണോടു കണ്ണോരം Veendum Chila Veettukaryangal,കണ്ണോടു കണ്ണോരം നീ കണിമലരല്ലേ.....Kannodu Kannoram Nee Kanimalaralle.....(Sachin),Sachin K,https://www.youtube.com/watch?v=aMufTczQGnk,4:51,MATCHED,FAILED,Turnstile Error 600010
66,gm-66,മാനത്തെ വെള്ളിത്തേരിൽ,K. J. Yesudas,Kizhakkunarum Pakshi,1991,മാനത്തെ വെള്ളിത്തേരിൽ Kizhakkunarum Pakshi,"Manathe Vellitheru - Maanathe Vellitheril Lyric | Johnson | Vineeth, Shobana",SonyMusicSouthVEVO,https://www.youtube.com/watch?v=wXJCyO1LqSo,4:36,MATCHED,FAILED,Turnstile Error 600010
67,gm-67,പൂവേ ഒരു മഴമുത്തം,K. J. Yesudas & Sujatha Mohan,Chithram,1988,പൂവേ ഒരു മഴമുത്തം Chithram,Poove oru Mazhamutham|പൂവേ ഒരു മഴമുത്തം|Music Hub Malayalam|,psycho musics,https://www.youtube.com/watch?v=UY_XCB-ycWs,4:50,MATCHED,FAILED,Turnstile Error 600010
68,gm-68,നീരാടുവാൻ നിളയിൽ,K. J. Yesudas,Nakhakshathangal,1986,നീരാടുവാൻ നിളയിൽ Nakhakshathangal,നീരാടുവാൻ നിളയിൽ നീരാടുവാൻ - നഖക്ഷതങ്ങൾ Neeraduvan nilayil neeraduvan - Nakhakshathangal,Jagadeesh C.N,https://www.youtube.com/watch?v=zZ5i7X5rFnQ,4:59,MATCHED,FAILED,Turnstile Error 600010
69,gm-69,ആലിപ്പഴം പെറുക്കാൻ,S. Janaki,My Dear Kuttichathan,1984,ആലിപ്പഴം പെറുക്കാൻ My Dear Kuttichathan,ആലിപ്പഴം പെറുക്കാൻ LYRICS (My Dear Kuttichathan) Aalippazham Perukkan Song With Malayalam Lyrics,Lyrics Lord,https://www.youtube.com/watch?v=Fw2kTJcD6OU,4:10,MATCHED,FAILED,Turnstile Error 600010
70,gm-70,കൈതപ്പൂവിൻ കന്നിക്കുറുമ്പിൽ,K. S. Chithra,Kannezhuthi Pottum Thottu,1999,കൈതപ്പൂവിൻ കന്നിക്കുറുമ്പിൽ Kannezhuthi Pottum Thottu,Kaitha Poovin Kannikurumbil | 1080p | Kannezhuthi Pottum Thottu | Abbas | Manju Warrier,Music Zone,https://www.youtube.com/watch?v=EC80uQ5MulE,3:46,MATCHED,FAILED,Turnstile Error 600010
71,gm-71,മൗനസരോവരമാകെ,K. J. Yesudas,Savidham,1992,മൗനസരോവരമാകെ Savidham,മൗനസരോവരമാകെയുണർന്നു | Maunasarovaramaakeyunarnnu | Savidham | KS Chithra | Johnson | Kaithapram,Speed Cinema Songs,https://www.youtube.com/watch?v=YeqAvU_Bxxo,5:11,MATCHED,FAILED,Turnstile Error 600010
72,gm-72,ദേവദൂതർ പാടി,K. J. Yesudas,Kaathodu Kaathoram,1985,ദേവദൂതർ പാടി Kaathodu Kaathoram,"ദേവദൂതർ പാടി | Devadoothar Paadi | Kaathodu Kaathoram | Mammootty, Saritha | Super Hit Video Song HD",Millennium Musics,https://www.youtube.com/watch?v=xnsEYfZieJo,5:43,MATCHED,FAILED,Turnstile Error 600010
73,gm-73,കാതോടു കാതോരം,K. J. Yesudas & Lathika,Kaathodu Kaathoram,1985,കാതോടു കാതോരം Kaathodu Kaathoram,കാതോടു കാതോരം Song HD | Kaathodu Kaathoram | Malayalam Film Song | Mammootty,Millennium Musics,https://www.youtube.com/watch?v=Obb-T1BWCQ8,4:27,MATCHED,FAILED,Turnstile Error 600010
74,gm-74,ഒരു പുഷ്പം മാത്രമെൻ,K. J. Yesudas,Pareeksha,1967,ഒരു പുഷ്പം മാത്രമെൻ Pareeksha,ഒരു പുഷ്പം മാത്രമെൻ | Pareeksha | K.J. Yesudas Songs | Sarada | Prem Nazir,Saregama Carvaan Malayalam,https://www.youtube.com/watch?v=Bs2sRborhZY,3:37,MATCHED,FAILED,Turnstile Error 600010
75,gm-75,അനുരാഗിണീ ഇതാ എൻ,K. J. Yesudas,Oru Kudakkeezhil,1985,അനുരാഗിണീ ഇതാ എൻ Oru Kudakkeezhil,അനുരാഗിണീ ഇതാ എൻ | Anuragini ithaa en | Oru Kudakkeezhil | Movie Super Hit Song | K J Yesudas,Evergreen Film Songs,https://www.youtube.com/watch?v=adXYp6Gx7y0,4:23,MATCHED,FAILED,Turnstile Error 600010
76,gm-76,എന്തിനു വേറൊരു സൂര്യോദയം,K. J. Yesudas & K. S. Chithra,Mazhayethum Munpe,1995,എന്തിനു വേറൊരു സൂര്യോദയം Mazhayethum Munpe,എന്തിനു വേറൊരു സൂര്യോദയം.| Enthinu Veroru Sooryodayam | Mazhayethum Munpe | New Voice Pala | Band❤️😍,Band Music 4K,https://www.youtube.com/watch?v=rveyQGh3Ymk,5:00,MATCHED,FAILED,Turnstile Error 600010
77,gm-77,താനേ പൂവിട്ട മോഹം,G. Venugopal,Sasneham,1990,താനേ പൂവിട്ട മോഹം Sasneham,Thaane Poovitta Moham | താനേ പൂവിട്ട മോഹം | Sasneham (1990) | G. Venugopal | Johnson,aBs TCTC,https://www.youtube.com/watch?v=hbbm2Q2qs88,4:31,MATCHED,FAILED,Turnstile Error 600010
78,gm-78,സൗപർണ്ണികാമൃത വീചികൾ,K. J. Yesudas,Kizhakkunarum Pakshi,1991,സൗപർണ്ണികാമൃത വീചികൾ Kizhakkunarum Pakshi,Souparnikamrutha Veechikal....സൗപർണ്ണികാമൃത വീചികൾ // by K.J YesudasFilm: Kizhakkunarum Pakshi,AMBILI'S CREATIVE VLOG,https://www.youtube.com/watch?v=igsFGKPm8II,4:42,MATCHED,FAILED,Turnstile Error 600010
79,gm-79,ഒന്നാം രാഗം പാടി,K. J. Yesudas & K. S. Chithra,Thoovanathumbikal,1987,ഒന്നാം രാഗം പാടി Thoovanathumbikal,Onnam Raagam Paadi | ഒന്നാം രാഗം പാടി | Thoovanathumbikal | G Venugopal | KS Chithra Evergreen Song,MILLENNIUM MUSIC HUB,https://www.youtube.com/watch?v=22oF80yDqtc,4:25,MATCHED,FAILED,Turnstile Error 600010
80,gm-80,ചന്ദനച്ചോലയിൽ,K. J. Yesudas,Sallapam,1996,ചന്ദനച്ചോലയിൽ Sallapam,Chandanacholayil | ചന്ദനച്ചോലയിൽ | Sallapam | Movie Superhit Song | Dileep | Manju warrier | Yesudas,Millennium Musics,https://www.youtube.com/watch?v=X0PvdpVJHoU,5:01,MATCHED,FAILED,Turnstile Error 600010
81,gm-81,മധുരം ജീവാമൃത ബിന്ദു,K. J. Yesudas,Chenkol,1993,മധുരം ജീവാമൃത ബിന്ദു Chenkol,മധുരം ജീവാമൃത ബിന്ദു I Chenkol I Mohanlal I Thilakan I Kaviyoor Ponnamma,ON SCREEN productions,https://www.youtube.com/watch?v=52JZjnhFjWE,5:28,MATCHED,FAILED,Turnstile Error 600010
82,gm-82,തങ്കത്തോണി തെന്മലയോരം,K. S. Chithra,Mazhavilkavadi,1989,തങ്കത്തോണി തെന്മലയോരം Mazhavilkavadi,തങ്കത്തോണി തെന്മലയോരം കണ്ടേ |Thankathoniy Thenmalayoram Kand | Niyona |Mazhavilkavadi Film | Jayaram,DUM DUM DIGA DIGA,https://www.youtube.com/watch?v=iwYXn8AAwGg,4:41,MATCHED,FAILED,Turnstile Error 600010
83,gm-83,മഞ്ഞൾ പ്രസാദവും നെറ്റിയിൽ ചാർത്തി,K. S. Chithra,Nakhakshathangal,1986,മഞ്ഞൾ പ്രസാദവും നെറ്റിയിൽ ചാർത്തി Nakhakshathangal,മഞ്ഞൾ പ്രസാദവും നെറ്റിയിൽ ചാർത്തി | Manjal Prasaadavum Nettiyil Charthi | Nakhakshathangal,My Musical Bliss and Beyond with Nivee,https://www.youtube.com/watch?v=IISz4WOYz1s,2:42,MATCHED,FAILED,Turnstile Error 600010
84,gm-84,നീർപ്പളുങ്കുകൾ ചിതറി വീഴുമീ,K. J. Yesudas,Yathra,1985,നീർപ്പളുങ്കുകൾ ചിതറി വീഴുമീ Yathra,നീർപ്പളുങ്കുകൾ ചിതറി വീഴുമീ | Neer Palungugal | Godfather | Sujatha Mohan Evergreen Melody Song,MILLENNIUM MUSIC HUB,https://www.youtube.com/watch?v=915KYg-tvbQ,4:07,MATCHED,FAILED,Turnstile Error 600010
85,gm-85,കേവല മർത്ത്യഭാഷ കേൾക്കാത്ത,K. J. Yesudas,Naran,2005,കേവല മർത്ത്യഭാഷ കേൾക്കാത്ത Naran,Velmuruka Harohara | Naran | Video Song | Mohanlal | M.G.Sreekumar | Kaithapram | Deepak Dev | Joshy,Manorama Music Songs,https://www.youtube.com/watch?v=Ppo3oPo4NYw,5:25,MATCHED,FAILED,Turnstile Error 600010
86,gm-86,പുലർകാല സുന്ദര സ്വപ്നത്തിൽ,K. J. Yesudas,Oru Maymasa Pulariyil,1987,പുലർകാല സുന്ദര സ്വപ്നത്തിൽ Oru Maymasa Pulariyil,പുലർകാല സുന്ദര സ്വപ്നത്തിൽ... K S Chithra | Chithra Poornima,Manorama Online,https://www.youtube.com/watch?v=qHcNVS_USrw,5:02,MATCHED,FAILED,Turnstile Error 600010
87,gm-87,ചന്ദനമണി വാതിൽ പാതി ചാരി,G. Venugopal,Marikkunnilla Njan,1988,ചന്ദനമണി വാതിൽ പാതി ചാരി Marikkunnilla Njan,Chandhana Manivathil | ചന്ദനമണിവാതില്‍ പാതി ചാരി | Marikkunnilla Njan | Raveendran | G Venugopal,Speed Melodies,https://www.youtube.com/watch?v=OzGuXGqhIZs,5:24,MATCHED,FAILED,Turnstile Error 600010
88,gm-88,സ്വർണ്ണമുകിലേ,K. S. Chithra,Ithiri Poove Chuvannapoove,1984,സ്വർണ്ണമുകിലേ Ithiri Poove Chuvannapoove,Omanathinkal Kidavo | Full Video HD Song | Ithiri Poove Chuvannapoove | S. Janaki | 1984,Scube Films,https://www.youtube.com/watch?v=ZjLAbo5nSnM,3:42,MATCHED,FAILED,Turnstile Error 600010
89,gm-89,ആയിരം കണ്ണുമായ് കാത്തിരുന്നു,K. J. Yesudas,Nokkethadhoorathu Kannum Nattu,1984,ആയിരം കണ്ണുമായ് കാത്തിരുന്നു Nokkethadhoorathu Kannum Nattu,ആയിരം കണ്ണുമായ് കാത്തിരുന്നു നിന്നെ ഞാൻ | Nadhiya Moidu - Nokkethadhoorathu Kannum Nattu | Yesudas,Millennium Videos,https://www.youtube.com/watch?v=uyeLBDqGpO0,4:19,MATCHED,FAILED,Turnstile Error 600010
90,gm-90,ദേവാങ്കണങ്ങൾ കയ്യൊഴിഞ്ഞ,K. J. Yesudas,Njan Gandharvan,1991,ദേവാങ്കണങ്ങൾ കയ്യൊഴിഞ്ഞ Njan Gandharvan,"ദേവാങ്കണങ്ങൾ കയ്യൊഴിഞ്ഞ | Devanganangal | Njan Gandharvan | KJ Yesudas | Nithish, Suparna |Love Song",Evergreen Film Songs,https://www.youtube.com/watch?v=cNjbb5wx2aY,6:42,MATCHED,FAILED,Turnstile Error 600010
91,gm-91,പാലപ്പൂവേ നിൻ തിരുമുറ്റത്ത്,K. S. Chithra,Thacholi Varghese Chekavar,1995,പാലപ്പൂവേ നിൻ തിരുമുറ്റത്ത് Thacholi Varghese Chekavar,Sooryanaalam - Thacholi Varghese Chekavar Malayalam Movie Song | Mohanlal |Urmila Matondkar,Saina Music,https://www.youtube.com/watch?v=KGdNC69ko7g,3:42,MATCHED,FAILED,Turnstile Error 600010
92,gm-92,മാണിക്യവീണയുമായെൻ,K. J. Yesudas,Kattu Pookkal,1965,മാണിക്യവീണയുമായെൻ Kattu Pookkal,മാണിക്യവീണയുമായെൻ | Kattu Pookkal | K.J. Yesudas Songs | Ado,Yesudas Malayalam Hits,https://www.youtube.com/watch?v=WJTURfBIzOI,3:39,MATCHED,FAILED,Turnstile Error 600010
93,gm-93,ശ്രീലവസന്തം,K. J. Yesudas,Nandhanam,2002,ശ്രീലവസന്തം Nandhanam,Sreelavatham | ശ്രീലവസന്തം | Nandanam | K J yesudas | Raveendran | Gireesh Puthanchery | Prithviraj,Sony Music Malayalam,https://www.youtube.com/watch?v=MrXPBAjQUSE,5:02,MATCHED,FAILED,Turnstile Error 600010
94,gm-94,ഗോപാംഗനേ,K. J. Yesudas,Bharatham,1991,ഗോപാംഗനേ Bharatham,Gopangane | ഗോപാംഗനേ | Bharatham Movie | Evergreen Hit Song | K J Yesudas | Mohanlal,Millennium Musics,https://www.youtube.com/watch?v=Farup8CKHWM,5:09,MATCHED,FAILED,Turnstile Error 600010
95,gm-95,ചന്ദ്രികയിൽ അലിയുന്നു ശലഭം,K. J. Yesudas & P. Leela,Kavyamela,1965,ചന്ദ്രികയിൽ അലിയുന്നു ശലഭം Kavyamela,Kavyamela | Devi Sreedevi song by Yesudas,Saregama Telugu,https://www.youtube.com/watch?v=M5hQddFcSCM,3:15,MATCHED,FAILED,Turnstile Error 600010
96,gm-96,താമസമെന്തേ വരുവാൻ,K. J. Yesudas,Bhargavi Nilayam,1964,താമസമെന്തേ വരുവാൻ Bhargavi Nilayam,താമസമെന്തേ വരുവാൻ | Bhargavi Nilayam | K.J. Yesudas Songs | Madhu | Vijaya Nirmala | Prem Nazir,Saregama Carvaan Malayalam,https://www.youtube.com/watch?v=Z2C8sIFZpKo,3:45,MATCHED,FAILED,Turnstile Error 600010
97,gm-97,അല്ലിയാമ്പൽ കടവിൽ,K. J. Yesudas,Rosi,1965,അല്ലിയാമ്പൽ കടവിൽ Rosi,അല്ലിയാമ്പൽ കടവിൽ#malayalamsong#rosi#malayalamfilm#onamsong#alltruromLayaliassociation#,Grace's Small World,https://www.youtube.com/watch?v=muG7OIUmkp8,5:13,MATCHED,FAILED,Turnstile Error 600010
98,gm-98,ഏകാന്തതയുടെ അപാരതീരം,Kamukara Purushothaman,Bhargavi Nilayam,1964,ഏകാന്തതയുടെ അപാരതീരം Bhargavi Nilayam,ഏകാന്തതയുടെ അപാരതീരം | Bhargavi Nilayam | Kamukara Purushothaman Songs | Madhu | Vijaya Nirmala,Evergreen Hits of Prem Nazir,https://www.youtube.com/watch?v=LSA_Z1i9NbY,3:39,MATCHED,FAILED,Turnstile Error 600010
99,gm-99,അനുപമേ അഴകേ,K. J. Yesudas,Pranayam,2011,അനുപമേ അഴകേ Pranayam,Anupame Azhake / അനുപമേ അഴകേ (Hq) | Aranazhika Neram | G Devarajan | Vayalar |,Vyga Melodies,https://www.youtube.com/watch?v=BRu59QGeOXc,3:29,MATCHED,FAILED,Turnstile Error 600010
100,gm-100,മേലേ മേലേ മാനം,K. J. Yesudas,No 20 Madras Mail,1990,മേലേ മേലേ മാനം No 20 Madras Mail,Mele Mele Maanam Lyric Version 2 | Jerry Amaldev | Mammootty,SonyMusicSouthVEVO,https://www.youtube.com/watch?v=QTVQLDdXB6U,4:00,MATCHED,FAILED,Turnstile Error 600010
